Conta,4T2025 (TTM),2025,2024,2023,2022,2021,2020,2019,2018,2017,2016,2015,2014,2013,2012,2011,2010
P/L,"7,96","10,27","7,00","10,24","7,21","10,67","8,90","16,69","9,21","15,12","21,27","10,84","24,28","28,57","13,02","13,36","19,46"
P/VP,"0,84","0,85","1,51","1,76","2,01","2,48","1,70","1,55","1,38","1,26","1,66","1,19","1,58","0,99","0,81","0,97","1,06"
P/EBIT,"4,87","3,77","4,08","5,01","4,42","6,38","4,79","7,51","5,66","6,42","9,04","6,81","13,44","11,65","6,98","8,07","15,62"
P/EBIT *,"5,69","4,83","9,60","6,70","5,43","8,81","6,92","9,05","5,66","9,90","10,90","9,84","12,75","10,43","7,86","7,92","15,53"
PSR,"0,88","0,80","1,50","1,57","1,87","2,30","1,54","1,56","1,32","1,64","1,88","1,62","2,14","1,61","1,21","1,47","1,71"
P/Ativos,"0,26","0,26","0,51","0,55","0,61","0,80","0,47","0,54","0,50","0,49","0,60","0,43","0,65","0,42","0,34","0,48","0,48"
LPA,"2,31","1,67","4,44","3,06","4,45","2,79","1,92","0,94","1,48","0,85","0,62","0,86","0,41","0,22","0,38","0,43","0,31"
VPA,"21,95","20,15","20,64","17,79","16,00","11,99","10,07","10,20","9,90","10,24","7,96","7,87","6,24","6,32","6,09","5,88","5,74"
EBIT por ação,"3,77","4,56","7,62","6,25","7,26","4,67","3,57","2,10","2,41","2,01","1,46","1,37","0,73","0,54","0,71","0,71","0,39"
EBIT por ação *,"3,23","3,56","3,24","4,67","5,92","3,38","2,47","1,74","2,40","1,30","1,21","0,95","0,77","0,60","0,63","0,72","0,39"
Ativo por ação,"69,61","65,48","61,28","56,62","52,22","37,35","36,44","29,33","27,42","26,15","22,20","21,56","15,16","14,81","14,40","11,86","12,60"
Receita líquida por ação,"20,83","21,54","20,73","19,94","17,21","12,95","11,11","10,11","10,33","7,85","7,04","5,76","4,61","3,88","4,11","3,90","3,56"
Margem bruta,"24,60%","24,93%","24,31%","30,75%","42,31%","36,10%","31,86%","25,93%","32,00%","26,19%","27,53%","28,47%","28,99%","28,01%","27,55%","30,84%","24,30%"
Margem líquida,"11,09%","7,77%","21,42%","15,33%","25,89%","21,54%","17,30%","9,35%","14,31%","10,88%","8,85%","15,05%","8,80%","5,65%","9,26%","10,99%","8,96%"
Margem EBIT,"18,11%","21,19%","36,73%","31,33%","42,18%","36,03%","32,10%","20,77%","23,28%","25,63%","20,82%","23,77%","15,90%","13,85%","17,29%","18,21%","10,91%"
Margem EBIT *,"15,51%","16,51%","15,62%","23,42%","34,38%","26,11%","22,25%","17,23%","23,27%","16,61%","17,26%","16,46%","16,77%","15,48%","15,35%","18,53%","10,98%"
Margem EBITDA,"86,51%","54,73%","53,29%","63,39%","70,61%","68,23%","49,34%","33,57%","33,64%","34,47%","30,41%","34,06%","24,13%","25,62%","30,82%","29,29%","23,97%"
Margem EBITDA *,"83,91%","50,05%","32,18%","55,47%","62,81%","58,31%","39,49%","30,03%","33,64%","25,46%","26,86%","26,75%","25,00%","27,24%","28,88%","29,62%","24,04%"
Margem operacional,"6,24%","7,02%","25,92%","18,01%","33,90%","28,08%","19,86%","11,29%","18,12%","15,85%","8,24%","16,38%","12,29%","8,94%","12,16%","15,22%","12,33%"
ROE,"10,53%","8,31%","21,51%","17,18%","27,84%","23,26%","19,09%","9,26%","14,95%","8,34%","7,82%","11,02%","6,50%","3,47%","6,25%","7,28%","5,55%"
ROA,"0,03","0,03","0,07","0,05","0,09","0,07","0,05","0,03","0,05","0,03","0,03","0,04","0,03","0,01","0,03","0,04","0,03"
ROIC,"6,55%","8,30%","15,06%","13,43%","17,27%","14,30%","11,84%","9,23%","10,66%","9,06%","7,74%","7,52%","5,51%","4,15%","5,50%","6,44%","3,24%"
ROIC *,"5,61%","6,47%","6,40%","10,04%","14,08%","10,36%","8,21%","7,66%","10,66%","5,87%","6,41%","5,21%","5,82%","4,63%","4,88%","6,56%","3,26%"
Giro do ativo,"0,30","0,33","0,34","0,35","0,33","0,35","0,30","0,34","0,38","0,30","0,32","0,27","0,30","0,26","0,29","0,33","0,28"
EBIT *,1.073 mi,1.182 mi,1.076 mi,1.551 mi,1.966 mi,1.123 mi,821 mi,579 mi,799 mi,433 mi,403 mi,315 mi,257 mi,199 mi,209 mi,240 mi,129 mi
EBITDA,5.991 mi,3.919 mi,3.672 mi,4.201 mi,4.038 mi,2.937 mi,1.822 mi,1.128 mi,1.155 mi,899 mi,711 mi,652 mi,370 mi,330 mi,421 mi,379 mi,283 mi
EBITDA *,5.811 mi,3.584 mi,2.217 mi,3.676 mi,3.592 mi,2.510 mi,1.458 mi,1.009 mi,1.155 mi,664 mi,628 mi,512 mi,383 mi,351 mi,394 mi,383 mi,284 mi
Liquidez corrente,"2,87","2,43","2,18","2,17","2,55","1,74","2,01","2,59","2,20","1,25","1,72","1,23","1,24","1,69","1,28","1,38","0,86"
Liquidez seca,"2,13","2,20","2,02","1,91","2,20","1,50","1,80","2,40","1,93","1,12","1,53","1,11","1,10","1,49","1,02","0,97","0,64"
Liquidez imediata,"0,02","0,35","0,07","0,10","0,05","0,16","0,05","0,16","0,12","0,07","0,22","0,72","0,79","1,06","0,79","0,65","0,27"
Dívida bruta,11.408 mi,10.919 mi,9.411 mi,9.665 mi,8.895 mi,5.963 mi,6.490 mi,4.452 mi,3.924 mi,3.719 mi,3.507 mi,3.240 mi,1.590 mi,1.416 mi,1.232 mi,711 mi,955 mi
Dívida líquida,8.106 mi,7.836 mi,6.260 mi,6.587 mi,5.922 mi,4.613 mi,4.566 mi,2.416 mi,2.463 mi,2.547 mi,2.534 mi,2.219 mi,1.039 mi,885 mi,821 mi,489 mi,824 mi
Capital de giro,5.079 mi,3.715 mi,3.374 mi,3.071 mi,3.378 mi,1.364 mi,1.749 mi,1.995 mi,1.466 mi,493 mi,875 mi,329 mi,168 mi,346 mi,145 mi,130 mi,-68 mi
Endividamento geral,"217,04%","224,95%","196,86%","218,38%","226,40%","211,49%","261,96%","187,49%","177,06%","155,39%","178,88%","174,03%","142,70%","134,37%","136,44%","101,78%","119,31%"
