Conta,2T2025,1T2025,4T2024,3T2024,2T2024,1T2024,4T2023,3T2023,2T2023,1T2023,4T2022,3T2022,2T2022,1T2022,4T2021,3T2021,2T2021,1T2021,4T2020,3T2020,2T2020,1T2020,4T2019,3T2019,2T2019,1T2019,4T2018,3T2018,2T2018,1T2018,4T2017,3T2017,2T2017,1T2017,4T2016,3T2016,2T2016,1T2016,4T2015,3T2015,2T2015,1T2015,4T2014,3T2014,2T2014,1T2014,4T2013,3T2013,2T2013,1T2013,4T2012,3T2012,2T2012,1T2012,4T2011,3T2011,2T2011,1T2011,4T2010,4T2009
Ativo total,"18,73 B","19,64 B","19,76 B","20,61 B","21,58 B","26,17 B","26,12 B","29,73 B","29,44 B","28,46 B","29,62 B","48,83 B","50,81 B","78,70 B","76,04 B","75,53 B","74,89 B","72,95 B","73,84 B","72,66 B","73,15 B","73,95 B","71,89 B","72,87 B","76,37 B","77,79 B","65,44 B","67,23 B","67,43 B","68,68 B","68,64 B","82,46 B","82,94 B","81,55 B","65,97 B","80,31 B","77,18 B","93,33 B","103,01 B","101,19 B","93,31 B","106,98 B","102,79 B","107,80 B","107,83 B","69,57 B","70,10 B","68,71 B","68,01 B","68,62 B","69,15 B","66,84 B","65,31 B","70,96 B","31,66 B","28,60 B","26,00 B","26,81 B","26,89 B","24,56 B"
Ativo circulante,"4,60 B","5,24 B","8,05 B","6,43 B","7,14 B","7,83 B","7,78 B","10,09 B","9,31 B","8,44 B","9,55 B","13,61 B","16,41 B","47,86 B","44,63 B","46,29 B","43,85 B","34,87 B","33,51 B","18,18 B","19,18 B","19,36 B","17,99 B","20,15 B","21,94 B","24,06 B","21,31 B","22,84 B","23,26 B","24,21 B","23,75 B","25,89 B","26,37 B","25,85 B","26,21 B","28,04 B","25,07 B","29,20 B","38,07 B","41,01 B","38,04 B","51,08 B","49,29 B","28,34 B","25,37 B","17,05 B","17,93 B","16,76 B","17,26 B","19,04 B","21,14 B","19,94 B","19,53 B","27,60 B","12,25 B","9,30 B","7,16 B","8,25 B","8,49 B","6,13 B"
Caixa e eq. de caixa,"850,89 M","1,21 B","1,53 B","969,11 M","1,58 B","1,64 B","1,79 B","2,26 B","2,30 B","1,59 B","3,01 B","3,38 B","4,83 B","1,55 B","2,92 B","3,02 B","1,43 B","2,75 B","4,11 B","5,46 B","5,85 B","6,09 B","2,08 B","2,98 B","4,06 B","6,03 B","4,39 B","5,07 B","5,10 B","6,07 B","6,86 B","7,61 B","7,33 B","7,50 B","7,56 B","6,95 B","4,85 B","8,29 B","14,90 B","13,19 B","13,50 B","1,82 B","2,45 B","3,35 B","5,53 B","3,64 B","2,42 B","3,13 B","2,44 B","3,45 B","4,41 B","4,61 B","5,02 B","12,95 B","6,00 B","3,77 B","1,80 B","2,74 B","3,22 B","1,72 B"
Aplicações financeiras,"298,45 M","230,29 M","226,84 M","333,12 M","326,46 M","440,21 M","393,20 M","219,09 M","212,81 M","203,43 M","207,26 M","201,15 M","195,52 M","191,49 M","188,57 M","191,94 M","194,94 M","193,87 M","193,72 M","190,84 M","189,36 M","185,83 M","183,85 M","178,60 M","196,75 M","199,35 M","201,97 M","29,61 M","41,84 M","37,58 M","21,45 M","21,68 M","17,30 M","17,59 M","116,53 M","107,57 M","213,22 M","108,55 M","1,80 B","3,10 B","3,02 B","142,01 M","171,41 M","256,96 M","268,19 M","426,06 M","492,51 M","385,66 M","500,91 M","1,63 B","2,43 B","1,33 B","2,32 B","2,35 B","1,08 B","939,41 M","791,22 M","816,40 M","832,08 M","381,95 M"
Contas a receber,"673,90 M","747,35 M","947,28 M","1,74 B","1,73 B","1,77 B","1,80 B","2,14 B","1,98 B","2,03 B","2,04 B","4,67 B","4,79 B","4,41 B","2,47 B","4,24 B","3,89 B","3,82 B","4,14 B","6,34 B","6,44 B","6,27 B","6,33 B","6,62 B","6,68 B","6,63 B","6,52 B","7,28 B","7,10 B","7,49 B","7,37 B","8,45 B","8,57 B","8,73 B","7,89 B","9,84 B","8,77 B","8,55 B","8,38 B","8,05 B","7,83 B","8,09 B","7,45 B","9,24 B","9,68 B","7,50 B","7,10 B","6,98 B","7,02 B","7,33 B","7,02 B","6,47 B","5,94 B","5,64 B","2,01 B","1,96 B","1,98 B","2,05 B","2,07 B","1,99 B"
Estoques,"33,90 M","114,07 M","121,39 M","263,87 M","204,59 M","214,24 M","230,05 M","236,06 M","249,48 M","267,30 M","293,73 M","288,43 M","296,36 M","321,13 M","311,62 M","422,06 M","430,22 M","418,36 M","378,46 M","306,00 M","309,30 M","339,64 M","326,93 M","317,93 M","318,94 M","299,57 M","317,50 M","261,44 M","259,25 M","262,06 M","253,62 M","540,98 M","504,44 M","464,95 M","355,00 M","380,65 M","384,73 M","362,85 M","351,99 M","441,77 M","446,79 M","458,08 M","478,50 M","768,93 M","787,45 M","444,15 M","432,63 M","415,92 M","380,61 M","409,90 M","385,17 M","425,98 M","279,62 M","241,18 M","12,67 M","20,96 M","18,73 M","14,30 M","14,32 M","42,06 M"
Ativos biológicos,0,0,0,0,0,0,0,0,0,0,0,0,0,0,0,0,0,0,0,0,0,0,0,0,0,0,0,0,0,0,0,0,0,0,0,0,0,0,0,0,0,0,0,0,0,0,0,0,0,0,0,0,0,0,0,0,0,0,0,0
Ativo não circulante,"14,13 B","14,40 B","11,71 B","14,18 B","14,44 B","18,33 B","18,35 B","19,64 B","20,12 B","20,02 B","20,07 B","35,22 B","34,40 B","30,84 B","31,40 B","29,24 B","31,04 B","38,08 B","40,33 B","54,49 B","53,98 B","54,59 B","53,90 B","52,71 B","54,43 B","53,73 B","44,12 B","44,40 B","44,18 B","44,48 B","44,89 B","56,57 B","56,56 B","55,70 B","39,76 B","52,27 B","52,10 B","64,13 B","64,94 B","60,18 B","55,27 B","55,91 B","53,50 B","79,47 B","82,46 B","52,51 B","52,17 B","51,95 B","50,76 B","49,58 B","48,01 B","46,90 B","45,78 B","43,36 B","19,42 B","19,30 B","18,84 B","18,57 B","18,40 B","18,44 B"
Investimentos,"8,41 B","8,49 B","4,04 B","4,03 B","3,95 B","7,43 B","7,39 B","7,34 B","8,03 B","8,00 B","8,01 B","8,06 B","8,25 B","37,05 M","27,07 M","113,41 M","113,16 M","124,75 M","123,58 M","125,32 M","122,15 M","124,21 M","133,76 M","118,18 M","117,49 M","118,29 M","117,84 M","119,27 M","125,25 M","125,73 M","136,51 M","139,53 M","138,94 M","137,05 M","135,65 M","134,09 M","139,73 M","153,73 M","154,89 M","140,80 M","142,96 M","145,52 M","148,41 M","287,87 M","298,60 M","172,19 M","173,64 M","177,87 M","175,45 M","176,03 M","179,59 M","78,59 M","78,12 M","68,44 M","8,44 M","8,52 M","8,27 M","5,37 M","5,37 M","5,37 M"
Imobilizado,"1,94 B","2,13 B","2,14 B","3,21 B","3,45 B","3,63 B","3,57 B","5,85 B","5,17 B","5,19 B","5,07 B","16,74 B","15,52 B","15,88 B","16,07 B","16,51 B","17,16 B","23,56 B","24,24 B","41,41 B","40,42 B","40,07 B","38,91 B","38,51 B","37,77 B","36,93 B","28,43 B","27,54 B","27,17 B","26,93 B","26,99 B","26,55 B","26,34 B","26,25 B","25,91 B","25,36 B","25,52 B","25,96 B","26,01 B","25,42 B","25,52 B","25,56 B","25,67 B","35,92 B","35,88 B","24,98 B","24,79 B","24,29 B","23,86 B","23,70 B","23,10 B","22,15 B","21,21 B","21,07 B","5,79 B","5,52 B","5,44 B","5,34 B","5,32 B","5,27 B"
Intangível,"252,17 M","280,77 M","313,50 M","369,83 M","377,67 M","387,99 M","406,89 M","446,76 M","454,01 M","422,21 M","438,01 M","3,36 B","3,56 B","3,82 B","4,00 B","3,17 B","3,37 B","3,53 B","3,70 B","3,51 B","3,64 B","3,82 B","4,00 B","2,94 B","6,51 B","6,74 B","6,95 B","7,50 B","7,81 B","8,26 B","8,35 B","10,69 B","10,99 B","10,87 B","4,14 B","3,35 B","3,48 B","11,54 B","11,87 B","3,33 B","3,46 B","3,61 B","3,69 B","19,53 B","19,54 B","3,79 B","3,92 B","4,07 B","4,23 B","4,26 B","4,20 B","4,13 B","4,13 B","3,69 B","1,08 B","1,14 B","1,19 B","1,25 B","1,32 B","1,57 B"
Passivo total,"18,73 B","19,64 B","19,76 B","20,61 B","21,58 B","26,17 B","26,12 B","29,73 B","29,44 B","28,46 B","29,62 B","48,83 B","50,81 B","78,70 B","76,04 B","75,53 B","74,89 B","72,95 B","73,84 B","72,66 B","73,15 B","73,95 B","71,89 B","72,87 B","76,37 B","77,79 B","65,44 B","67,23 B","67,43 B","68,68 B","68,64 B","82,46 B","82,94 B","81,55 B","65,97 B","80,31 B","77,18 B","93,33 B","103,01 B","101,19 B","93,31 B","106,98 B","102,79 B","107,80 B","107,83 B","69,57 B","70,10 B","68,71 B","68,01 B","68,62 B","69,15 B","66,84 B","65,31 B","70,96 B","31,66 B","28,60 B","26,00 B","26,81 B","26,89 B","24,56 B"
Passivo circulante,"7,78 B","7,54 B","8,08 B","8,50 B","12,30 B","16,24 B","14,29 B","14,04 B","11,27 B","9,91 B","10,19 B","9,95 B","8,79 B","28,92 B","26,40 B","23,47 B","26,32 B","23,06 B","16,83 B","12,14 B","11,91 B","11,52 B","11,84 B","11,92 B","12,01 B","12,01 B","10,69 B","9,67 B","8,97 B","10,59 B","67,89 B","65,04 B","65,22 B","60,73 B","61,29 B","61,10 B","57,26 B","21,84 B","25,57 B","21,24 B","18,26 B","43,83 B","42,56 B","20,02 B","21,45 B","15,41 B","15,54 B","16,25 B","16,91 B","15,92 B","17,09 B","16,37 B","14,05 B","15,90 B","8,62 B","7,62 B","7,43 B","6,30 B","6,69 B","5,42 B"
Fornecedores,"3,11 B","2,80 B","2,94 B","3,12 B","3,20 B","5,33 B","4,87 B","4,96 B","4,42 B","3,52 B","3,73 B","4,12 B","3,68 B","3,96 B","3,81 B","3,55 B","3,91 B","3,91 B","3,31 B","4,68 B","4,34 B","4,95 B","5,59 B","5,90 B","6,04 B","5,64 B","5,23 B","4,37 B","4,14 B","4,92 B","7,63 B","7,10 B","7,04 B","6,65 B","6,58 B","7,12 B","5,11 B","5,20 B","5,00 B","4,43 B","4,04 B","4,35 B","4,34 B","6,34 B","6,46 B","4,69 B","4,73 B","3,98 B","4,20 B","4,93 B","4,66 B","4,69 B","3,96 B","4,31 B","1,84 B","1,51 B","1,47 B","1,54 B","1,64 B","1,55 B"
Empréstimos e financ.,"7,93 M","212,81 M","15,68 M","48,24 M","2,72 B","6,32 B","4,62 B","4,18 B","2,07 B","1,59 B","1,62 B","1,24 B","417,17 M","2,66 B","2,90 B","268,41 M","3,84 B","4,19 B","424,96 M","194,89 M","453,90 M","179,38 M","326,39 M","138,84 M","319,01 M","129,21 M","672,89 M","500,29 M","298,82 M","98,10 M","54,52 B","51,72 B","51,83 B","48,20 B","48,09 B","48,22 B","46,61 B","8,07 B","11,81 B","8,73 B","6,96 B","4,91 B","4,46 B","5,07 B","6,82 B","4,01 B","4,16 B","4,54 B","4,52 B","2,72 B","3,11 B","3,35 B","3,26 B","3,85 B","1,14 B","1,05 B","1,04 B","1,04 B","1,04 B","869,96 M"
Passivo não circulante,"26,42 B","26,74 B","27,97 B","26,88 B","24,30 B","40,01 B","39,12 B","42,48 B","42,13 B","41,67 B","41,28 B","41,13 B","41,22 B","48,71 B","52,28 B","50,98 B","42,70 B","45,15 B","49,24 B","54,53 B","53,07 B","50,83 B","42,26 B","40,86 B","38,50 B","38,35 B","31,85 B","31,30 B","30,83 B","29,18 B","14,26 B","8,78 B","8,94 B","9,12 B","11,35 B","8,80 B","8,66 B","53,01 B","57,03 B","60,09 B","56,58 B","43,76 B","40,92 B","61,69 B","60,32 B","42,28 B","43,03 B","42,14 B","40,46 B","41,90 B","40,95 B","39,11 B","39,56 B","39,90 B","12,46 B","10,28 B","8,27 B","9,08 B","8,86 B","9,23 B"
Emprést. de longo prazo,"11,18 B","11,08 B","11,94 B","10,23 B","5,85 B","21,13 B","20,87 B","21,02 B","21,68 B","21,15 B","20,68 B","20,71 B","20,77 B","27,62 B","30,08 B","31,07 B","22,72 B","24,02 B","25,92 B","26,73 B","25,66 B","24,26 B","17,90 B","17,77 B","16,56 B","16,26 B","15,78 B","15,64 B","14,92 B","13,44 B",0,0,0,0,0,0,0,"43,57 B","48,05 B","51,37 B","47,25 B","34,05 B","31,39 B","48,46 B","46,13 B","31,28 B","31,69 B","30,19 B","30,40 B","31,28 B","30,23 B","28,44 B","28,89 B","28,96 B","6,96 B","4,63 B","2,68 B","3,19 B","3,32 B","3,57 B"
Patrimônio líquido,"-15,47 B","-14,63 B","-16,29 B","-14,77 B","-15,02 B","-30,08 B","-27,28 B","-26,79 B","-23,96 B","-23,11 B","-21,85 B","-2,25 B","804,79 M","1,06 B","-2,64 B","1,08 B","5,88 B","4,74 B","7,77 B","6,00 B","8,16 B","11,60 B","17,80 B","20,08 B","25,86 B","27,43 B","22,90 B","26,26 B","27,62 B","28,91 B","-13,51 B","8,64 B","8,78 B","11,69 B","-6,67 B","10,42 B","11,26 B","18,47 B","20,40 B","19,86 B","18,47 B","19,39 B","19,31 B","26,09 B","26,07 B","11,88 B","11,52 B","10,32 B","10,64 B","10,79 B","11,11 B","11,35 B","11,70 B","15,16 B","10,59 B","10,70 B","10,30 B","11,43 B","11,34 B","9,91 B"
Aos não controladores,"26,80 M","28,06 M","29,77 M","27,93 M","26,45 M","24,38 M","34,95 M","32,54 M","33,05 M","32,84 M","32,80 M","32,66 M","32,19 M","29,32 M","32,69 M","17,31 M","14,72 M","16,31 M","18,42 M","20,56 M","88,44 M","172,46 M","146,18 M","163,75 M","218,73 M","225,41 M","243,49 M","275,85 M","279,13 M","274,75 M","293,46 M","303,09 M","343,01 M","375,41 M","791,00 M","908,09 M","822,69 M","1,13 B","1,19 B","1,82 B","1,46 B","1,50 B","1,51 B","1,48 B","1,42 B",0,0,0,0,0,0,"45,07 M","43,00 M","41,09 M","370,00 Mil","353,00 Mil","303,00 Mil","334,00 Mil","351,00 Mil","514,00 Mil"
